{"https://github.com/opencrx/opencrx": "available", "https://github.com/golang/go": "available", "https://github.com/jellyfin/jellyfin": "available", "https://github.com/websockets/ws": "available", "https://github.com/TYPO3/typo3": "available", "https://github.com/ShokoAnime/ShokoServer": "available", "https://github.com/snapcore/snapd": "available", "https://github.com/lobehub/lobe-chat": "available", "https://github.com/LycheeOrg/Lychee": "available", "https://github.com/anchore/syft": "available", "https://github.com/gaizhenbiao/chuanhuchatgpt": "available", "https://github.com/awslabs/aws-js-s3-explorer": "available", "https://github.com/airlift/aircompressor": "available", "https://github.com/weaveworks/tf-controller": "available", "https://github.com/entronad/crypto-es": "available", "https://github.com/yetanalytics/lrs": "available", "https://github.com/nilsteampassnet/teampass": "available", "https://github.com/PostHog/posthog-js": "available", "https://github.com/libp2p/go-libp2p": "available", "https://github.com/authzed/spicedb": "available", "https://github.com/TrueLayer/truelayer-dotnet": "available", "https://github.com/c-ares/c-ares": "available", "https://github.com/antfu/utils": "available", "https://github.com/requarks/wiki": "available", "https://github.com/LemmyNet/lemmy": "available", "https://github.com/open-telemetry/opentelemetry-python-contrib": "available", "https://github.com/pjsip/pjproject": "available", "https://github.com/binary-husky/gpt_academic": "available", "https://github.com/thirtybees/beesblog": "available", "https://github.com/modoboa/modoboa-installer": "available", "https://github.com/jnunemaker/httparty": "available", "https://github.com/chaijs/get-func-name": "available", "https://github.com/qdrant/qdrant": "available", "https://github.com/plantuml/plantuml": "available", "https://github.com/node-saml/xml-crypto": "available", "https://github.com/EGroupware/egroupware": "available", "https://github.com/mantisbt-plugins/LinkedCustomFields": "available", "https://github.com/frappe/lms": "available", "https://github.com/NationalSecurityAgency/skills-service": "available", "https://github.com/openwrt/routing": "available", "https://github.com/spbu-se/spbu_se_site": "available", "https://github.com/sudo-project/sudo": "available", "https://github.com/pimcore/pimcore": "available", "https://github.com/proxmox/proxmox-rs": "available", "https://github.com/argoproj/argo-cd": "available", "https://github.com/alfio-event/alf.io": "available", "https://github.com/tj-actions/changed-files": "available", "https://github.com/michaelrsweet/pdfio": "available", "https://github.com/flusity/flusity-CMS": "available", "https://github.com/treasure-data/digdag": "available", "https://github.com/miraheze/ManageWiki": "available", "https://github.com/kriszyp/msgpackr": "available", "https://github.com/opencart/opencart": "available", "https://github.com/cilium/cilium": "available", "https://github.com/specklesystems/speckle-server": "available", "https://github.com/RS485/LogisticsPipes": "available", "https://github.com/kobezzza/Collection": "available", "https://github.com/owncast/owncast": "available", "https://github.com/cjvnjde/google-translate-api-browser": "available", "https://github.com/KDE/plasma-workspace": "available", "https://github.com/FOGProject/fogproject": "available", "https://github.com/mindsdb/mindsdb": "available", "https://github.com/XjSv/Cooked": "available", "https://github.com/redis/redis": "available", "https://github.com/python-pillow/Pillow": "available", "https://github.com/postcss/postcss": "available", "https://github.com/duncanmcclean/guest-entries": "available", "https://github.com/libgit2/libgit2": "available", "https://github.com/python/cpython": "available", "https://github.com/line/armeria": "available", "https://github.com/wagtail/wagtail": "available", "https://github.com/xwiki/xwiki-platform": "available", "https://github.com/pypa/setuptools": "available", "https://github.com/play-with-docker/play-with-docker": "available", "https://github.com/jgraph/drawio": "available", "https://github.com/octobercms/october": "available", "https://github.com/cc-tweaked/CC-Tweaked": "available", "https://github.com/litestar-org/litestar": "available", "https://github.com/avo-hq/avo": "available", "https://github.com/magnussolution/magnusbilling7": "available", "https://github.com/matthiask/html-sanitizer": "available", "https://github.com/misskey-dev/misskey": "available", "https://github.com/voila-dashboards/voila": "available", "https://github.com/ZoneMinder/zoneminder": "available", "https://github.com/latchset/jwcrypto": "available", "https://github.com/nocodb/nocodb": "available", "https://github.com/jupyter-server/jupyter_server": "available", "https://github.com/getkirby/demokit": "available", "https://github.com/pterodactyl/wings": "available", "https://github.com/the-tcpdump-group/tcpdump": "available", "https://github.com/commenthol/versionn": "available", "https://github.com/Perl/perl5": "available", "https://github.com/linuxdeepin/deepin-compressor": "available", "https://github.com/DCMTK/dcmtk": "available", "https://github.com/viz-rs/nano-id": "available", "https://github.com/qt/qtbase": "available", "https://github.com/remarshal-project/remarshal": "available", "https://github.com/getsentry/symbolicator": "available", "https://github.com/square/okio": "available", "https://github.com/django-wiki/django-wiki": "available", "https://github.com/sidekiq/sidekiq": "available", "https://github.com/geotools/geotools": "available", "https://github.com/oroinc/orocommerce": "available", "https://github.com/freescout-helpdesk/freescout": "available", "https://github.com/micronaut-projects/micronaut-security": "available", "https://github.com/latchset/tang": "available", "https://github.com/llvmbot/llvm-project": "available", "https://github.com/Piwigo/Piwigo": "available", "https://github.com/TablePress/TablePress": "available", "https://github.com/libressl/openbsd": "available", "https://github.com/shadow-maint/shadow": "available", "https://github.com/michaelschwarz/Ajax.NET-Professional": "available", "https://github.com/nghttp2/nghttp2": "available", "https://github.com/zitadel/zitadel": "available", "https://github.com/foxcpp/maddy": "available", "https://github.com/psf/requests": "available", "https://github.com/rubygems/rubygems.org": "available", "https://github.com/go-vela/worker": "available", "https://github.com/Exiv2/exiv2": "available", "https://github.com/esnet/iperf": "available", "https://github.com/mate-desktop/atril": "available", "https://github.com/pf4j/pf4j": "available", "https://github.com/aws-amplify/amplify-cli": "available", "https://github.com/turt2live/matrix-media-repo": "available", "https://github.com/gevent/gevent": "available", "https://github.com/kivikakk/comrak": "available", "https://github.com/pyload/pyload": "available", "https://github.com/gnachman/iTerm2": "available", "https://github.com/galette/galette": "available", "https://github.com/statamic/cms": "available", "https://github.com/Enalean/tuleap": "available", "https://github.com/Consensys/gnark": "available", "https://github.com/Azure/azure-c-shared-utility": "available", "https://github.com/kalcaddle/kodbox": "available", "https://github.com/PrestaShop/PrestaShop": "available", "https://github.com/gravitl/netmaker": "available", "https://github.com/ckeditor/ckeditor4": "available", "https://github.com/openela-main/openssh": "available", "https://github.com/OpenZeppelin/openzeppelin-contracts": "available", "https://github.com/lightdash/lightdash": "available", "https://github.com/Icinga/icingaweb2-module-jira": "available", "https://github.com/Graylog2/graylog2-server": "available", "https://github.com/yiisoft/yii2-authclient": "available", "https://github.com/OpenIDC/mod_auth_openidc": "available", "https://github.com/OneUptime/oneuptime": "available", "https://github.com/mudler/localai": "available", "https://github.com/OpenPrinting/cpdb-libs": "available", "https://github.com/remult/remult": "available", "https://github.com/matter-labs/era-compiler-vyper": "available", "https://github.com/sagemathinc/cocalc": "available", "https://github.com/tg123/sshpiper": "available", "https://github.com/baserproject/basercms": "available", "https://github.com/AUTOMATIC1111/stable-diffusion-webui": "available", "https://github.com/jasonraimondi/url-to-png": "available", "https://github.com/tiann/KernelSU": "available", "https://github.com/wallabag/wallabag": "available", "https://github.com/endojs/endo": "available", "https://github.com/zopefoundation/Zope": "available", "https://github.com/vim/vim": "available", "https://github.com/jupyterhub/oauthenticator": "available", "https://github.com/psf/black": "available", "https://github.com/ZelnickB/mit-identibot": "available", "https://github.com/minio/console": "available", "https://github.com/backstage/backstage": "available", "https://github.com/tauri-apps/tauri": "available", "https://github.com/filebrowser/filebrowser": "available", "https://github.com/simonw/datasette": "available", "https://github.com/aio-libs/aiohttp": "available", "https://github.com/shime/find-exec": "available", "https://github.com/publify/publify": "available", "https://github.com/xbmc/xbmc": "available", "https://github.com/browserify/browserify-sign": "available", "https://github.com/rizinorg/rizin": "available", "https://github.com/phpsysinfo/phpsysinfo": "available", "https://github.com/projectsend/projectsend": "available", "https://github.com/txthinking/brook": "available", "https://github.com/grails/grails-core": "available", "https://github.com/cerebrate-project/cerebrate": "available", "https://github.com/GeoNode/geoserver-geonode-ext": "available", "https://github.com/gitpod-io/gitpod": "available", "https://github.com/epiphyt/form-block": "available", "https://github.com/projectcapsule/capsule-proxy": "available", "https://github.com/rozbb/readtomyshoe": "available", "https://github.com/atampy25/quickentity-editor-next": "available", "https://github.com/advplyr/audiobookshelf": "available", "https://github.com/aiven/aiven-extras": "available", "https://github.com/nextcloud/user_oidc": "available", "https://github.com/Mintplex-Labs/anything-llm": "available", "https://github.com/fonttools/fonttools": "available", "https://github.com/mealie-recipes/mealie": "available", "https://github.com/robinbuschmann/sequelize-typescript": "available", "https://github.com/discourse/discourse-jira": "available", "https://github.com/OPCFoundation/UA-Java-Legacy": "available", "https://github.com/mozilla/pdf.js": "available", "https://github.com/Kludex/python-multipart": "available", "https://github.com/cesanta/mongoose": "available", "https://github.com/jasper-software/jasper": "available", "https://github.com/kichik/nsis": "available", "https://github.com/salesforce/tough-cookie": "available", "https://github.com/apptainer/apptainer": "available", "https://github.com/squidex/squidex": "available", "https://github.com/babel/babel": "available", "https://github.com/mde/ejs": "available", "https://github.com/morethanwords/tweb": "available", "https://github.com/rack/rack": "available", "https://github.com/VivaPayments/API": "available", "https://github.com/bcgit/bc-java": "available", "https://github.com/Dolibarr/dolibarr": "available", "https://github.com/sofastack/sofa-rpc": "available", "https://github.com/eclipse-platform/eclipse.platform.ui": "available", "https://github.com/datahub-project/datahub": "available", "https://github.com/pytorch/serve": "available", "https://github.com/matrix-org/matrix-appservice-irc": "available", "https://github.com/OctoPrint/OctoPrint": "available", "https://github.com/hamba/avro": "available", "https://github.com/ansibleguy/webui": "available", "https://github.com/GaiZhenbiao/ChuanhuChatGPT": "available", "https://github.com/dwisiswant0/cwa-filter-rules": "available", "https://github.com/89luca89/distrobox": "available", "https://github.com/openpgpjs/openpgpjs": "available", "https://github.com/planetlabs/planet-client-python": "available", "https://github.com/input-output-hk/hydra": "available", "https://github.com/Ombi-app/Ombi": "available", "https://github.com/fobybus/social-media-skeleton": "available", "https://github.com/IceWhaleTech/CasaOS": "available", "https://github.com/thm-mni-ii/feedbacksystem": "available", "https://github.com/swift-server/swift-prometheus": "available", "https://github.com/crewjam/saml": "available", "https://github.com/open-telemetry/opentelemetry-go-contrib": "available", "https://github.com/WWBN/AVideo": "available", "https://github.com/wasmerio/wasmer": "available", "https://github.com/tj-actions/verify-changed-files": "available", "https://github.com/OpenPrinting/cups-filters": "available", "https://github.com/kazu-yamamoto/http2": "available", "https://github.com/containerd/containerd": "available", "https://github.com/DIRACGrid/DIRAC": "available", "https://github.com/salesagility/suitecrm-core": "available", "https://github.com/run-llama/llama_index": "available", "https://github.com/FreshRSS/FreshRSS": "available", "https://github.com/libjpeg-turbo/libjpeg-turbo": "available", "https://github.com/zadam/trilium": "available", "https://github.com/EventStore/EventStore": "available", "https://github.com/corazawaf/coraza": "available", "https://github.com/openNDS/openNDS": "available", "https://github.com/blakeblackshear/frigate": "available", "https://github.com/inex/IXP-Manager": "available", "https://github.com/microsoft/go-crypto-openssl": "available", "https://github.com/facelessuser/pymdown-extensions": "available", "https://github.com/anuko/timetracker": "available", "https://github.com/jimmo/micropython": "available", "https://github.com/jumpserver/jumpserver": "available", "https://github.com/t0rchwo0d/gin": "available", "https://github.com/matrix-org/matrix-appservice-bridge": "available", "https://github.com/discourse/discourse-yearly-review": "available", "https://github.com/flarum/flarum-core": "available", "https://github.com/goauthentik/authentik": "available", "https://github.com/element-hq/element-android": "available", "https://github.com/sidorares/node-mysql2": "available", "https://github.com/pimcore/admin-ui-classic-bundle": "available", "https://github.com/eclipse-leshan/leshan": "available", "https://github.com/tolgee/tolgee-platform": "available", "https://github.com/imgproxy/imgproxy": "available", "https://github.com/composer/composer": "available", "https://github.com/apache/arrow": "available", "https://github.com/Open-MSS/MSS": "available", "https://github.com/ome/omero-web": "available", "https://github.com/miroslavpejic85/mirotalk": "available", "https://github.com/Yooooomi/your_spotify": "available", "https://github.com/memorysafety/sudo-rs": "available", "https://github.com/khoj-ai/khoj": "available", "https://github.com/project-zot/zot": "available", "https://github.com/uvdesk/community-skeleton": "available", "https://github.com/ImageMagick/ImageMagick": "available", "https://github.com/andialbrecht/sqlparse": "available", "https://github.com/edmundhung/conform": "available", "https://bitbucket.org/connect2id/nimbus-jose-jwt": "available", "https://github.com/charleskorn/kaml": "available", "https://github.com/certifi/python-certifi": "available", "https://github.com/Pylons/pyramid": "available", "https://github.com/iovisor/bcc": "available", "https://github.com/mailcow/mailcow-dockerized": "available", "https://github.com/codehaus-plexus/plexus-archiver": "available", "https://github.com/isaacs/node-tar": "available", "https://github.com/haproxy/haproxy": "available", "https://github.com/NixOS/hydra": "available", "https://github.com/jupyterhub/dockerspawner": "available", "https://github.com/canonical/cloud-init": "available", "https://github.com/electron/packager": "available", "https://github.com/capnproto/capnproto": "available", "https://github.com/OpenIDC/cjose": "available", "https://github.com/libsdl-org/libtiff": "available", "https://github.com/linagora/twake": "available", "https://github.com/parisneo/lollms-webui": "available", "https://github.com/bluez/bluez": "available", "https://github.com/EVerest/everest-core": "available", "https://github.com/MechanicalSoup/MechanicalSoup": "available", "https://github.com/linuxdeepin/deepin-reader": "available", "https://github.com/hamza417/inure": "available", "https://github.com/gregkh/linux": "available", "https://github.com/agronholm/cbor2": "available", "https://github.com/urql-graphql/urql": "available", "https://github.com/fastify/fastify-passport": "available", "https://github.com/ls1intum/Ares": "available", "https://github.com/cubecart/v6": "available", "https://github.com/folio-org/mod-remote-storage": "available", "https://github.com/cakephp/cakephp": "available", "https://github.com/keylime/keylime": "available", "https://github.com/saleor/react-storefront": "available", "https://github.com/Devan-Kerman/ARRP": "available", "https://github.com/rgrove/sanitize": "available", "https://github.com/shubhamjain/svg-loader": "available", "https://github.com/TanStack/query": "available", "https://github.com/asterisk/asterisk": "available", "https://github.com/dablelv/go-huge-util": "available", "https://github.com/OneSignal/react-native-onesignal": "available", "https://github.com/cryptomator/cryptomator": "available", "https://github.com/apollographql/apollo-client-nextjs": "available", "https://github.com/pallets/werkzeug": "available", "https://github.com/tsolucio/corebos": "available", "https://github.com/nextcloud/user_saml": "available", "https://github.com/codeigniter4/CodeIgniter4": "available", "https://github.com/it-novum/openitcockpit": "available", "https://github.com/facebookincubator/fizz": "available", "https://github.com/golang-fips/openssl": "available", "https://github.com/alextselegidis/easyappointments": "available", "https://github.com/aimeos/ai-admin-jsonadm": "available", "https://github.com/RedisBloom/RedisBloom": "available", "https://github.com/dasgarner/xibo-cms": "available", "https://github.com/lldpd/lldpd": "available", "https://github.com/gurgunday/ghtml": "available", "https://github.com/netease-youdao/QAnything": "available", "https://github.com/socketio/socket.io": "available", "https://github.com/quill-mention/quill-mention": "available", "https://github.com/greenpau/go-authcrunch": "available", "https://github.com/YetiForceCompany/YetiForceCRM": "available", "https://github.com/stellar/freighter": "available", "https://github.com/thorsten/phpmyfaq": "available", "https://github.com/gwsw/less": "available", "https://github.com/IlicMiljan/Secure-Props": "available", "https://github.com/graphql/graphql-js": "available", "https://github.com/apache/mynewt-nimble": "available", "https://github.com/kiwitcms/enterprise": "available", "https://github.com/OpenAPITools/openapi-generator": "available", "https://github.com/keystonejs/keystone": "available", "https://github.com/apollographql/router": "available", "https://github.com/phpbb/phpbb": "available", "https://github.com/paijp/nophp": "available", "https://github.com/pi-hole/pi-hole": "available", "https://github.com/saleor/auth-sdk": "available", "https://github.com/sulu/sulu": "available", "https://github.com/Azure/azure-uamqp-c": "available", "https://github.com/excalidraw/excalidraw": "available", "https://github.com/enonic/xp": "available", "https://github.com/SpeciesFileGroup/taxonworks": "available", "https://github.com/px-org/PanIndex": "available", "https://github.com/JPeer264/node-git-commit-info": "available", "https://github.com/rona-dinihari/dawnsparks-node-tesseract": "available", "https://github.com/LibreDWG/libredwg": "available", "https://github.com/udecode/plate": "available", "https://github.com/aptos-labs/aptos-core": "available", "https://github.com/libuv/libuv": "available", "https://github.com/Combodo/iTop": "available", "https://github.com/greenplum-db/gpdb": "unavailable", "https://github.com/ravenclaw900/DietPi-Dashboard": "available", "https://github.com/MobSF/Mobile-Security-Framework-MobSF": "available", "https://github.com/Stellarium/stellarium": "available", "https://github.com/oroinc/platform": "available", "https://github.com/metersphere/installer": "available", "https://github.com/rjbs/Email-MIME": "available", "https://github.com/Kozea/CairoSVG": "available", "https://github.com/jellyfin/jellyfin-web": "available", "https://github.com/opensearch-project/reporting": "available", "https://github.com/pretalx/pretalx": "available", "https://github.com/hasura/graphql-engine": "available", "https://github.com/answerdev/answer": "available", "https://github.com/astropy/astropy": "available", "https://github.com/mage-ai/mage-ai": "available", "https://github.com/symfony/symfony": "available", "https://github.com/wasmi-labs/wasmi": "available", "https://github.com/lipnitsk/libcue": "available", "https://github.com/starlite-api/starlite": "available", "https://github.com/zchunk/zchunk": "available", "https://github.com/unilogies/bumsys": "available", "https://github.com/KubeOperator/KubeOperator": "available", "https://github.com/amauric/tarteaucitron.js": "available", "https://github.com/serenity-is/Serenity": "available", "https://github.com/jupyterhub/jupyterhub": "available", "https://github.com/KnpLabs/snappy": "available", "https://github.com/facebookincubator/katran": "available", "https://github.com/ytdl-org/youtube-dl": "available", "https://github.com/grpc/grpc": "available", "https://github.com/provectus/kafka-ui": "available", "https://github.com/qemu/qemu": "available", "https://github.com/wireshark/wireshark": "available", "https://github.com/PrivateUploader/PrivateUploader": "available", "https://github.com/Qiskit/qiskit-ibm-runtime": "available", "https://github.com/osticket/osticket": "available", "https://github.com/ckan/ckan-docker-base": "available", "https://github.com/apostrophecms/sanitize-html": "available", "https://github.com/scikit-learn/scikit-learn": "available", "https://github.com/hap-wi/roxy-wi": "available", "https://github.com/rust-lang/cargo": "available", "https://github.com/espressif/esp-idf": "available", "https://github.com/Cainor/Calendarinho": "available", "https://github.com/pfsense/pfsense": "available", "https://github.com/Microchip-MPLAB-Harmony/core": "available", "https://github.com/OpenTSDB/opentsdb": "available", "https://github.com/alkacon/opencms-core": "available", "https://github.com/TheThingsNetwork/lorawan-stack": "available", "https://github.com/scambra/devise_invitable": "available", "https://github.com/ovn-org/ovn": "available", "https://github.com/canonical/apport": "available", "https://github.com/yiisoft/yii": "available", "https://github.com/Part-DB/Part-DB-server": "available", "https://github.com/kyubisation/angular-server-side-configuration": "available", "https://github.com/aimeos/ai-controller-frontend": "available", "https://github.com/squid-cache/squid": "available", "https://github.com/facebook/netconsd": "available", "https://github.com/icret/easyimages2.0": "available", "https://github.com/Blazemeter/blazemeter-jenkins-plugin": "available", "https://github.com/puma/puma": "available", "https://github.com/rust-vmm/vm-memory": "available", "https://github.com/aws/sagemaker-python-sdk": "available", "https://github.com/pyca/cryptography": "available", "https://github.com/eclipse-edc/Connector": "available", "https://github.com/relic-toolkit/relic": "available", "https://github.com/nexryai/nexkey": "available", "https://github.com/podofo/podofo": "available", "https://github.com/labring/sealos": "available", "https://github.com/openssh/openssh-portable": "available", "https://github.com/mei23/misskey-v12": "available", "https://github.com/patriksimek/vm2": "available", "https://github.com/discourse/discourse-microsoft-auth": "available", "https://github.com/kphrx/pleroma": "available", "https://github.com/honojs/hono": "available", "https://github.com/xiboon/kurwov": "available", "https://github.com/Sylius/Sylius": "available", "https://github.com/cea-hpc/sshproxy": "available", "https://github.com/MystenLabs/sui": "available", "https://github.com/TeraTermProject/teraterm": "available", "https://github.com/ethyca/fides": "available", "https://github.com/autolab/Autolab": "available", "https://github.com/kalcaddle/KodExplorer": "available", "https://github.com/Azure/ipam": "available", "https://github.com/sviehb/jefferson": "available", "https://github.com/nhibernate/nhibernate-core": "available", "https://github.com/getkirby/kirby": "available", "https://github.com/crafatar/crafatar": "available", "https://github.com/openwrt/luci": "available", "https://github.com/socketry/protocol-http1": "available", "https://github.com/discourse/discourse-group-membership-ip-block": "available", "https://github.com/Cacti/cacti": "available", "https://github.com/tokio-rs/mio": "available", "https://github.com/pkp/pkp-lib": "available", "https://github.com/basecamp/trix": "available", "https://github.com/lima-vm/lima": "available", "https://github.com/pomerium/pomerium": "available", "https://github.com/moby/buildkit": "available", "https://github.com/SakuraIsayeki/WOWS-Karma": "available", "https://github.com/DedSecInside/TorBot": "available", "https://github.com/strukturag/libde265": "available", "https://github.com/dompdf/php-svg-lib": "available", "https://github.com/TeamNewPipe/NewPipe": "available", "https://github.com/SwiftyEdit/SwiftyEdit": "available", "https://github.com/PostHog/posthog": "available", "https://github.com/typelevel/grackle": "available", "https://github.com/mz-automation/libiec61850": "available", "https://github.com/jgm/pandoc": "available", "https://github.com/cloudevents/sdk-go": "available", "https://github.com/pymumu/smartdns": "available", "https://github.com/matrix-org/matrix-hookshot": "available", "https://github.com/gradle/gradle": "available", "https://github.com/opensearch-project/observability": "available", "https://github.com/ipfs/go-unixfs": "available", "https://github.com/anope/anope": "available", "https://github.com/git-ecosystem/git-credential-manager": "available", "https://github.com/dapr/dapr": "available", "https://github.com/judge0/judge0": "available", "https://github.com/wp-sms/wp-sms": "available", "https://github.com/CycloneDX/cyclonedx-javascript-library": "available", "https://github.com/michael-methner/dlt-daemon": "available", "https://github.com/electron-userland/electron-builder": "available", "https://github.com/raysan5/raylib": "available", "https://github.com/Froxlor/Froxlor": "available", "https://github.com/sigstore/rekor": "available", "https://github.com/archimatetool/archi": "available", "https://github.com/Azure/setup-kubectl": "available", "https://github.com/aimeos/ai-client-html": "available", "https://github.com/libvips/libvips": "available", "https://github.com/gmarczynski/odoo-web-progress": "available", "https://github.com/mintplex-labs/anything-llm": "available", "https://github.com/FiloSottile/nistec": "available", "https://github.com/ewen-lbh/ffcss": "available", "https://github.com/danswer-ai/danswer": "available", "https://github.com/materialsproject/pymatgen": "available", "https://github.com/pimcore/demo": "available", "https://github.com/AlexxIT/go2rtc": "available", "https://github.com/gookit/goutil": "available", "https://github.com/cvat-ai/cvat": "available", "https://github.com/fastify/session": "available", "https://github.com/snyk/kubernetes-monitor": "available", "https://github.com/effectindex/tripreporter": "available", "https://github.com/envoyproxy/envoy": "available", "https://github.com/vufind-org/vufind": "available", "https://github.com/podlove/podlove-publisher": "available", "https://github.com/vegaprotocol/vega": "available", "https://github.com/openenclave/openenclave": "available", "https://github.com/DIYgod/RSSHub": "available", "https://github.com/phpipam/phpipam": "available", "https://github.com/FelixSchwarz/mjml-python": "available", "https://github.com/PackageKit/PackageKit": "available", "https://github.com/OpenMage/magento-lts": "available", "https://github.com/inc2734/smart-custom-fields": "available", "https://github.com/craigk5n/webcalendar": "available", "https://github.com/litespeedtech/lscache_wp": "available", "https://github.com/ipfs/go-unixfsnode": "available", "https://github.com/python-social-auth/social-app-django": "available", "https://github.com/mosparo/mosparo": "available", "https://github.com/gradio-app/gradio": "available", "https://github.com/nextauthjs/next-auth": "available", "https://github.com/mscdex/ssh2": "available", "https://github.com/tomas/network": "available", "https://github.com/gocd/gocd": "available", "https://github.com/cachethq/cachet": "available", "https://github.com/LiveHelperChat/livehelperchat": "available", "https://github.com/jupyter-lsp/jupyterlab-lsp": "available", "https://github.com/iden3/snarkjs": "available", "https://github.com/six2dez/reconftw": "available", "https://github.com/traccar/traccar": "available", "https://github.com/saleor/saleor": "available", "https://github.com/NodeBB/NodeBB": "available", "https://github.com/gjtorikian/commonmarker": "available", "https://github.com/teamamaze/amazefileutilities": "available", "https://github.com/rudderlabs/rudder-server": "available", "https://github.com/mybb/mybb": "available", "https://github.com/GoogleCloudPlatform/esp-v2": "available", "https://github.com/shardlab/discordrb": "available", "https://github.com/nanomq/NanoNNG": "available", "https://github.com/tuxu/nbviewer-app": "available", "https://github.com/nextcloud/cookbook": "available", "https://github.com/nextcloud/deck": "available", "https://github.com/morpheus65535/bazarr": "available", "https://github.com/dilab/resumable.php": "available", "https://github.com/Cog-Creators/Red-DiscordBot": "available", "https://github.com/openemr/openemr": "available", "https://github.com/urllib3/urllib3": "available", "https://github.com/wolfi-dev/wolfictl": "available", "https://github.com/DarrenOfficial/dpaste": "available", "https://github.com/bigfork/silverstripe-form-capture": "available", "https://github.com/paritytech/frontier": "available", "https://github.com/streamlit/streamlit": "available", "https://github.com/dpgaspar/Flask-AppBuilder": "available", "https://github.com/warp-tech/warpgate": "available", "https://github.com/dompdf/dompdf": "available", "https://github.com/git/git": "available", "https://github.com/helm/helm": "available", "https://github.com/wintercms/storm": "available", "https://github.com/GeoNode/geonode": "available", "https://github.com/berriai/litellm": "available", "https://github.com/NuGet/NuGetGallery": "available", "https://github.com/ClusterLabs/libqb": "available", "https://github.com/MISP/MISP": "available", "https://github.com/dolibarr/dolibarr": "available", "https://github.com/embano1/wip": "available", "https://github.com/fluent/fluent-bit": "available", "https://github.com/IceWhaleTech/CasaOS-Gateway": "available", "https://github.com/PX4/PX4-Autopilot": "available", "https://github.com/eclipse-jdt/eclipse.jdt.core": "available", "https://github.com/andrei-tatar/nora-firebase-common": "available", "https://github.com/ffmpeg/ffmpeg": "available", "https://github.com/indutny/node-ip": "available", "https://github.com/kindspells/astro-shield": "available", "https://github.com/shopware5/shopware": "available", "https://github.com/matrix-org/vodozemac": "available", "https://github.com/ensdomains/ens-contracts": "available", "https://github.com/wintercms/winter": "available", "https://github.com/dmpop/mejiro": "available", "https://github.com/litespeedtech/lsquic": "available", "https://github.com/espocrm/espocrm": "available", "https://github.com/redbitcz/simpleshop-wp-plugin": "available", "https://github.com/fastify/fastify-swagger-ui": "available", "https://github.com/fluid-cloudnative/fluid": "available", "https://github.com/usememos/memos": "available", "https://github.com/MiniZinc/libminizinc": "available", "https://github.com/vitejs/vite": "available", "https://github.com/pymedusa/Medusa": "available", "https://github.com/opencontainers/runc": "available", "https://github.com/pytorch/pytorch": "available", "https://github.com/paritytech/ink": "available", "https://github.com/WillyXJ/facileManager": "available", "https://github.com/rack/rack-contrib": "available", "https://github.com/buildroot/buildroot": "available", "https://github.com/lunary-ai/lunary": "available", "https://github.com/node-saml/node-saml": "available", "https://github.com/tmccombs/tls-listener": "available", "https://github.com/epiphyt/embed-privacy": "available", "https://github.com/sni/Thruk": "available", "https://github.com/oppia/oppia": "available", "https://github.com/dgtlmoon/changedetection.io": "available", "https://github.com/charmbracelet/soft-serve": "available", "https://github.com/fastify/csrf-protection": "available", "https://github.com/scrapy/scrapy": "available", "https://github.com/NC3-LU/TestingPlatform": "available", "https://github.com/py-pdf/pypdf": "available", "https://github.com/traefik/traefik": "available", "https://github.com/webpack/webpack-dev-middleware": "available", "https://github.com/vert-x3/vertx-web": "available", "https://github.com/giggio/node-chromedriver": "available", "https://github.com/minio/minio": "available", "https://github.com/chiefonboarding/chiefonboarding": "available", "https://github.com/iBotPeaches/Apktool": "available", "https://github.com/RamonSilva20/mapos": "available", "https://github.com/deepjavalibrary/djl": "available", "https://github.com/honojs/node-server": "available", "https://github.com/plaidweb/webmention.js": "available", "https://github.com/intranda/goobi-viewer-core": "available", "https://github.com/webmproject/libvpx": "available", "https://github.com/9001/copyparty": "available", "https://github.com/getformwork/formwork": "available", "https://github.com/plone/plone.namedfile": "available", "https://github.com/getsentry/sentry": "available", "https://github.com/TYPO3/html-sanitizer": "available", "https://github.com/OpenSC/OpenSC": "available", "https://github.com/StarCitizenTools/mediawiki-skins-Citizen": "available", "https://github.com/kucherenko/blamer": "available", "https://github.com/TurboWarp/desktop": "available", "https://github.com/krb5/krb5": "available", "https://github.com/plone/plone.rest": "available", "https://github.com/emikulic/darkhttpd": "available", "https://github.com/signalwire/freeswitch": "available", "https://github.com/yiisoft/yii2": "available", "https://github.com/chirpstack/chirpstack-gateway-bridge": "available", "https://github.com/netvl/xml-rs": "available", "https://github.com/warp-tech/russh": "available", "https://github.com/NLnetLabs/unbound": "available", "https://github.com/seleniumhq/selenium": "available", "https://github.com/virtualsquare/picotcp": "available", "https://github.com/mbloch/mapshaper": "available", "https://github.com/fastly/js-compute-runtime": "available", "https://github.com/resque/resque": "available", "https://github.com/cubefs/cubefs": "available", "https://github.com/nuxt/framework": "available", "https://github.com/roundcube/roundcubemail": "available", "https://github.com/tj-actions/branch-names": "available", "https://github.com/waqaskanju/Chitor-CMS": "available", "https://github.com/zenml-io/zenml": "available", "https://github.com/discourse/discourse": "available", "https://github.com/pdm-project/pdm": "available", "https://github.com/jackc/pgx": "available", "https://github.com/MightyPirates/OpenComputers": "available", "https://github.com/ONLYOFFICE/core": "available", "https://github.com/00xc/xml-rs": "available", "https://github.com/renesas-rcar/arm-trusted-firmware": "available", "https://github.com/parisneo/lollms": "available", "https://github.com/parse-community/parse-server": "available", "https://github.com/chromiumembedded/cef": "available", "https://github.com/Ericsson/codechecker": "available", "https://github.com/tecnickcom/TCPDF": "available", "https://github.com/shopware/SwagPayPal": "available", "https://github.com/movim/movim": "available", "https://github.com/sebhildebrandt/systeminformation": "available", "https://github.com/gorilla/schema": "available", "https://github.com/vyperlang/vyper": "available", "https://github.com/gofiber/fiber": "available", "https://github.com/snipe/snipe-it": "available", "https://github.com/digitalbazaar/zcap": "available", "https://github.com/matter-labs/era-compiler-solidity": "available", "https://github.com/jucktnich/meldekarten-generator": "available", "https://github.com/hongliuliao/ehttp": "available", "https://github.com/KisaragiEffective/toy-blog": "available", "https://github.com/jupyterlab/jupyterlab": "available", "https://github.com/Alinto/sogo": "available", "https://github.com/firecracker-microvm/versionize": "available", "https://github.com/linkstackorg/linkstack": "available", "https://github.com/tats/w3m": "available", "https://github.com/geokit/geokit-rails": "available", "https://github.com/webauthn4j/webauthn4j-spring-security": "available", "https://github.com/apolloconfig/apollo": "available", "https://github.com/dlundquist/sniproxy": "available", "https://github.com/nextcloud/server": "available", "https://github.com/protobufjs/protobuf.js": "available", "https://github.com/goreleaser/nfpm": "available", "https://github.com/aws/aws-sdk-php": "available", "https://github.com/mattkrick/sanitize-svg": "available", "https://github.com/Blosc/c-blosc2": "available", "https://github.com/dgilland/pydash": "available", "https://github.com/yt-dlp/yt-dlp": "available", "https://github.com/nt1m/livemarks": "available", "https://github.com/benjjvi/PyBB": "unavailable", "https://github.com/huggingface/text-generation-inference": "available", "https://github.com/langchain-ai/langchain": "available", "https://github.com/stevegeek/encoded_id-rails": "available", "https://github.com/awesomized/libmemcached": "available", "https://github.com/medikoo/es5-ext": "available", "https://github.com/brycebaril/node-flatnest": "available", "https://github.com/JstnMcBrd/dectalk-tts": "available", "https://github.com/xsuchy/templated-dictionary": "available", "https://github.com/pallets/flask": "available", "https://github.com/gatsbyjs/gatsby": "available", "https://github.com/evmos/evmos": "available", "https://github.com/Leantime/leantime": "available", "https://github.com/CriticalMoments/CMSaasStarter": "available", "https://github.com/paperless-ngx/paperless-ngx": "available", "https://github.com/umbraco/Umbraco-CMS": "available", "https://github.com/brix/crypto-js": "available", "https://github.com/ipfs/go-bitfield": "available", "https://github.com/stitionai/devika": "available", "https://github.com/Xithrius/twitch-tui": "available", "https://github.com/Kozea/WeasyPrint": "available", "https://github.com/nextcloud/globalsiteselector": "available", "https://github.com/plotly/dash": "available", "https://github.com/lestrrat-go/jwx": "available", "https://github.com/rlespinasse/github-slug-action": "available", "https://github.com/silverstripe/silverstripe-graphql": "available", "https://github.com/mate-desktop/engrampa": "available", "https://github.com/borgbackup/borg": "available", "https://github.com/erohtar/Dasherr": "available", "https://github.com/tqdm/tqdm": "available", "https://github.com/kimai/kimai": "available", "https://github.com/xerial/snappy-java": "available", "https://github.com/encode/starlette": "available", "https://github.com/thorsten/phpMyFAQ": "available", "https://github.com/gofiber/template": "available", "https://github.com/benbusby/whoogle-search": "available", "https://github.com/webhood-io/webhood": "available", "https://github.com/dromara/hertzbeat": "available", "https://github.com/go-gitea/gitea": "available", "https://github.com/salesagility/suitecrm": "available", "https://github.com/spacemeshos/go-spacemesh": "available", "https://github.com/FriendsOfSymfony1/symfony1": "available", "https://github.com/decidim/decidim": "available", "https://github.com/janeczku/calibre-web": "available", "https://github.com/liangliangyy/djangoblog": "available", "https://github.com/tutao/tutanota": "available", "https://github.com/jtesta/ssh-audit": "available", "https://github.com/matrix-org/matrix-rust-sdk": "available", "https://github.com/prefecthq/prefect": "available", "https://github.com/mrousavy/react-native-mmkv": "available", "https://github.com/surveyjs/survey-library": "available", "https://github.com/xwiki-contrib/application-admintools": "available", "https://github.com/instantsoft/icms2": "available", "https://github.com/encode/django-rest-framework": "available", "https://github.com/GladysAssistant/Gladys": "available", "https://github.com/peering-manager/peering-manager": "available", "https://github.com/ipython/ipython": "available", "https://github.com/concretecms/concretecms": "available", "https://github.com/kitabisa/teler-waf": "available", "https://github.com/froxlor/froxlor": "available", "https://github.com/kjd/idna": "available", "https://github.com/tpm2-software/tpm2-tss": "available", "https://github.com/rust-vmm/vmm-sys-util": "available", "https://github.com/veraPDF/veraPDF-library": "available", "https://github.com/trailofbits/uthenticode": "available", "https://github.com/tensorflow/tensorflow": "available", "https://github.com/significant-gravitas/autogpt": "available", "https://github.com/Aiven-Open/journalpump": "available", "https://github.com/in-toto/in-toto": "available", "https://github.com/eemeli/yaml": "available", "https://github.com/shopware/storefront": "available", "https://github.com/OpenRefine/OpenRefine": "available", "https://github.com/github/cmark-gfm": "available", "https://github.com/svix/svix-webhooks": "available", "https://github.com/kspalaiologos/bzip3": "available", "https://github.com/outline/outline": "available", "https://github.com/facebook/hermes": "available", "https://github.com/snowflakedb/snowflake-hive-metastore-connector": "available", "https://github.com/gitpython-developers/GitPython": "available", "https://github.com/randombit/botan": "available", "https://github.com/Speedy11CZ/mcrpx": "available", "https://github.com/multiversx/mx-chain-go": "available", "https://github.com/fermyon/spin": "available", "https://github.com/acryldata/datahub-helm": "available", "https://github.com/denoland/deno": "available", "https://github.com/drakkan/sftpgo": "available", "https://github.com/pixelfed/pixelfed": "available", "https://github.com/metal3-io/ironic-image": "available", "https://github.com/whisperfish/rust-phonenumber": "available", "https://github.com/openedx/edx-platform": "available", "https://github.com/aedart/ion": "available", "https://github.com/koajs/cors": "available", "https://github.com/OpenSIPS/opensips": "available", "https://github.com/hestiacp/hestiacp": "available", "https://github.com/gerbv/gerbv": "available", "https://github.com/afichet/openexr-viewer": "available", "https://github.com/editorconfig/editorconfig-core-c": "available", "https://github.com/nautobot/nautobot": "available", "https://github.com/MommyHeather/AdvancedBackups": "available", "https://github.com/OpenIdentityPlatform/OpenAM": "available", "https://github.com/jqlang/jq": "available", "https://github.com/balderdashy/sails": "available", "https://github.com/thinkst/canarytokens": "available", "https://github.com/mojocn/base64Captcha": "available", "https://github.com/adminerevo/adminerevo": "available", "https://github.com/jstachio/jstachio": "available", "https://github.com/appium/appium-desktop": "available", "https://github.com/frappe/frappe": "available", "https://github.com/rhukster/dom-sanitizer": "available", "https://github.com/snapview/tungstenite-rs": "available", "https://github.com/kyverno/kyverno": "available", "https://github.com/kanboard/kanboard": "available", "https://github.com/DFIRKuiper/Kuiper": "available", "https://github.com/carrierwaveuploader/carrierwave": "available", "https://github.com/huandu/facebook": "available", "https://github.com/jsreport/jsreport": "available", "https://github.com/moby/moby": "available", "https://github.com/craftcms/feed-me": "available", "https://github.com/admidio/admidio": "available", "https://github.com/zopefoundation/Products.SQLAlchemyDA": "available", "https://github.com/go-resty/resty": "available", "https://github.com/flipped-aurora/gin-vue-admin": "available", "https://bitbucket.org/utmandrew/pcrs": "available", "https://github.com/netty/netty": "available", "https://github.com/pq-crystals/kyber": "available", "https://github.com/russellhaering/gosaml2": "available", "https://github.com/torvalds/linux": "available", "https://github.com/expressjs/express": "available", "https://github.com/eclipse-jdt/eclipse.jdt.ui": "available", "https://github.com/NginxProxyManager/nginx-proxy-manager": "available", "https://github.com/PrivateBin/PrivateBin": "available", "https://github.com/openfga/openfga": "available", "https://github.com/unpoly/unpoly-rails": "available", "https://github.com/ansys/pyansys-geometry": "available", "https://github.com/greenshot/greenshot": "available", "https://github.com/ArjunSharda/Searchor": "available", "https://github.com/wekan/wekan": "available", "https://github.com/DSpace/DSpace": "available", "https://github.com/stacklok/minder": "available", "https://github.com/vnotex/vnote": "available", "https://github.com/coder/coder": "available", "https://github.com/FreeOpcUa/opcua-asyncio": "available", "https://github.com/ericcornelissen/shescape": "available", "https://github.com/xibosignage/xibo-cms": "available", "https://github.com/wixtoolset/wix3": "available", "https://github.com/SoftEtherVPN/SoftEtherVPN": "available", "https://github.com/neutrinolabs/xrdp": "available", "https://github.com/go-jose/go-jose": "available", "https://github.com/pandora-analysis/pandora": "available", "https://github.com/directus/directus": "available", "https://github.com/CocoaPods/trunk.cocoapods.org": "available", "https://github.com/ChatGPTNextWeb/ChatGPT-Next-Web": "available", "https://github.com/aimeos/ai-admin-graphql": "available", "https://github.com/xwiki-contrib/application-changerequest": "available", "https://github.com/harfbuzz/harfbuzz": "available", "https://github.com/cocos/cocos-engine": "available", "https://github.com/verbb/formie": "available", "https://github.com/bookstackapp/bookstack": "available", "https://github.com/activeadmin/activeadmin": "available", "https://github.com/baidu/openrasp": "available", "https://github.com/LibrePhotos/librephotos": "available", "https://github.com/apache/axis-axis1-java": "available", "https://github.com/zauberzeug/nicegui": "available", "https://github.com/aerospike/aerospike-client-java": "available", "https://github.com/makeplane/plane": "available", "https://github.com/LizardByte/Sunshine": "available", "https://github.com/stimulusreflex/stimulus_reflex": "available", "https://github.com/derhansen/sf_event_mgt": "available", "https://github.com/OISF/suricata": "available", "https://github.com/ecies/go": "available", "https://github.com/vega/vega": "available", "https://github.com/octo-sts/app": "available", "https://github.com/brechtsanders/xlsxio": "available", "https://github.com/root3nl/SupportApp": "available", "https://github.com/zopefoundation/AccessControl": "available", "https://github.com/kedi/ElectronCord": "available", "https://github.com/aws/amazon-redshift-jdbc-driver": "available", "https://github.com/snowflakedb/gosnowflake": "available", "https://github.com/TreyWW/MyFinances": "available", "https://github.com/ImageMagick/ImageMagick6": "available", "https://github.com/DEMON1A/Discord-Recon": "available", "https://github.com/franciscop/translate": "available", "https://github.com/vantage6/vantage6": "available", "https://github.com/GoogleForCreators/web-stories-wp": "available", "https://github.com/navidrome/navidrome": "available", "https://github.com/woocommerce/woocommerce": "available", "https://github.com/open-quantum-safe/liboqs": "available", "https://github.com/mermaid-js/zenuml-core": "available", "https://github.com/XjSv/Basil": "available", "https://github.com/DataDog/import-in-the-middle": "available", "https://github.com/meshery/meshery": "available", "https://github.com/viliusle/minipaint": "available", "https://github.com/Netflix/dispatch": "available", "https://github.com/bigbluebutton/bigbluebutton": "available", "https://github.com/bentoml/bentoml": "available", "https://github.com/snowflakedb/snowflake-connector-python": "available", "https://github.com/sbt/io": "available", "https://github.com/piccolo-orm/piccolo": "available", "https://github.com/zopefoundation/Products.CMFCore": "available", "https://github.com/ipfs/boxo": "available", "https://github.com/microweber/microweber": "available", "https://github.com/upx/upx": "available", "https://github.com/cecilapp/cecil": "available", "https://github.com/0xJacky/nginx-ui": "available", "https://github.com/sabnzbd/sabnzbd": "available", "https://github.com/hyperledger/aries-cloudagent-python": "available", "https://github.com/fastify/fastify-multipart": "available", "https://github.com/foodcoopshop/foodcoopshop": "available", "https://github.com/mickhansen/dottie.js": "available", "https://github.com/OpenZeppelin/openzeppelin-contracts-upgradeable": "available", "https://github.com/hyprwm/Hyprland": "available", "https://github.com/follow-redirects/follow-redirects": "available", "https://github.com/getgrav/grav": "available", "https://github.com/nuxtlabs/github-module": "available", "https://github.com/tinymce/tinymce": "available", "https://github.com/Redon-Tech/Redon-Hub": "available", "https://github.com/limesurvey/limesurvey": "available", "https://github.com/i3thuan5/TuiTse-TsuSin": "available", "https://github.com/bellard/quickjs": "available", "https://github.com/webmproject/libwebp": "available", "https://github.com/dfir-iris/iris-evtx-module": "available", "https://github.com/iterative/PyDrive2": "available", "https://github.com/grpc/grpc-node": "available", "https://github.com/ViewComponent/view_component": "available", "https://github.com/201206030/novel-plus": "available", "https://github.com/contao/contao": "available", "https://github.com/jmcnamara/spreadsheet-parseexcel": "available", "https://github.com/JamesNK/Newtonsoft.Json": "available", "https://github.com/gssapi/gss-ntlmssp": "available", "https://github.com/ant-media/Ant-Media-Server": "available", "https://github.com/oroinc/OroCalendarBundle": "available", "https://github.com/allegroai/clearml-server": "available", "https://github.com/reactphp/http": "available", "https://github.com/openstack/heat": "available", "https://github.com/ikus060/rdiffweb": "available", "https://github.com/brefphp/bref": "available", "https://github.com/theonedev/onedev": "available", "https://github.com/indico/indico": "available", "https://github.com/redisson/redisson": "available", "https://github.com/miraheze/WikiDiscover": "available", "https://github.com/AntonKueltz/fastecdsa": "available", "https://github.com/folio-org/mod-data-export-spring": "available", "https://github.com/scidsg/hushline": "available", "https://github.com/jamieblomerus/WP-Mobile-BankID-Integration": "available", "https://github.com/cisco/node-jose": "available", "https://github.com/1Panel-dev/1Panel": "available", "https://github.com/sigstore/gitsign": "available", "https://github.com/cockpit-hq/cockpit": "available", "https://github.com/pubnub/javascript": "available", "https://github.com/xwikisas/application-licensing": "available", "https://github.com/lirantal/daloradius": "available", "https://github.com/Netflix/lemur": "available", "https://github.com/synth/omniauth-microsoft_graph": "available", "https://github.com/eclipse-cdt/cdt": "available", "https://github.com/open5gs/open5gs": "available", "https://github.com/serverpod/serverpod": "available", "https://github.com/clickbar/dot-diver": "available", "https://github.com/jackc/pgproto3": "available", "https://github.com/OceanicJS/Oceanic": "available", "https://github.com/xwikisas/identity-oauth": "available", "https://github.com/flyteorg/flyteadmin": "available", "https://github.com/freeswitch/sofia-sip": "available", "https://github.com/mikebrady/nqptp": "available", "https://github.com/pluginsGLPI/order": "available", "https://github.com/panva/jose": "available", "https://github.com/sveltejs/kit": "available", "https://github.com/yhirose/cpp-httplib": "available", "https://github.com/PrestaShop/blockreassurance": "available", "https://github.com/mehah/otclient": "available", "https://github.com/spacemeshos/api": "available", "https://github.com/mlflow/mlflow": "available", "https://github.com/mantisbt/mantisbt": "available", "https://github.com/valtimo-platform/valtimo-frontend-libraries": "available", "https://github.com/oroinc/OroCRMCallBundle": "available", "https://github.com/zopefoundation/RestrictedPython": "available", "https://github.com/fastify/fastify-secure-session": "available", "https://github.com/SixLabors/ImageSharp": "available", "https://github.com/rust-ethereum/evm": "available", "https://github.com/laurent22/joplin": "available", "https://github.com/psi-4ward/psitransfer": "available", "https://github.com/dvsekhvalnov/jose2go": "available", "https://github.com/pixee/java-security-toolkit": "available", "https://github.com/sequelize/sequelize": "available", "https://github.com/workos/authkit-nextjs": "available", "https://github.com/freebsd/freebsd-src": "available", "https://github.com/Icinga/icingaweb2-module-incubator": "available", "https://github.com/mastodon/mastodon": "available", "https://github.com/pimcore/ecommerce-framework-bundle": "available", "https://github.com/sigstore/cosign": "available", "https://github.com/MacPaw/XADMaster": "available", "https://github.com/rejetto/hfs": "available", "https://github.com/zenstruck/collection": "available", "https://github.com/outdoorbits/little-backup-box": "available", "https://github.com/filips123/PWAsForFirefox": "available", "https://github.com/crate/crate": "available", "https://github.com/Ylianst/MeshCentral": "available", "https://github.com/wireapp/wire-server": "available", "https://github.com/pay-rails/pay": "available", "https://github.com/OpenRapid/rapidcms": "available", "https://github.com/umbraco/UmbracoIdentityExtensions": "available", "https://github.com/git-for-windows/git": "available", "https://github.com/livebook-dev/livebook": "available", "https://github.com/inunosinsi/soycms": "available", "https://github.com/codeigniter4/shield": "available", "https://github.com/matrix-org/sydent": "available", "https://github.com/geoserver/geoserver": "available", "https://github.com/ankane/clockwork_web": "available", "https://github.com/flarum/framework": "available", "https://github.com/lrx0014/ExamSys": "available", "https://github.com/flatpak/flatpak": "available", "https://github.com/pluginsGLPI/fields": "available", "https://github.com/NixOS/nix": "available", "https://github.com/hoppscotch/hoppscotch-extension": "available", "https://github.com/linuxmint/xreader": "available", "https://github.com/h2o/h2o": "available", "https://github.com/saleor/storefront": "available", "https://github.com/aio-libs/aiosmtpd": "available", "https://github.com/KindSpells/astro-shield": "available", "https://github.com/megaease/easeprobe": "available", "https://github.com/cdbattags/lua-resty-jwt": "available", "https://github.com/GZTimeWalker/GZCTF": "available", "https://github.com/notaryproject/notation": "available", "https://github.com/vlinkz/calamares-nixos-extensions": "available", "https://github.com/Metaswitch/cassandra-rs": "available", "https://github.com/libarchive/libarchive": "available", "https://github.com/202ecommerce/paypal": "available", "https://github.com/goreleaser/goreleaser": "available", "https://github.com/google/gvisor": "available", "https://github.com/airtower-luna/mod_gnutls": "available", "https://github.com/boazsegev/iodine": "available", "https://github.com/zulip/zulip": "available", "https://github.com/WeblateOrg/weblate": "available", "https://github.com/KubeOperator/KubePi": "available", "https://github.com/widgetti/solara": "available", "https://github.com/chirpstack/chirpstack-mqtt-forwarder": "available", "https://github.com/LeSuisse/nixpkgs": "available", "https://github.com/vert-x3/vertx-stomp": "available", "https://github.com/decentraland/single-sign-on-client": "available", "https://github.com/eclipse/mosquitto": "available", "https://github.com/huggingface/transformers": "available", "https://github.com/onnx/onnx": "available", "https://github.com/hapijs/formula": "available", "https://github.com/vapor/vapor": "available", "https://github.com/AzureAD/microsoft-authentication-library-for-dotnet": "available", "https://github.com/thirtybees/thirtybees": "available", "https://github.com/eclipse-platform/eclipse.platform.swt": "available", "https://github.com/radareorg/radare2": "available", "https://github.com/gpac/gpac": "available", "https://github.com/jhpyle/docassemble": "available", "https://github.com/abetlen/llama-cpp-python": "available", "https://github.com/arduino/arduino-create-agent": "available", "https://github.com/OpenOLAT/OpenOLAT": "available", "https://github.com/baptisteArno/typebot.io": "available", "https://github.com/kirilkirkov/Ecommerce-CodeIgniter-Bootstrap": "available", "https://github.com/matrix-org/matrix-react-sdk": "available", "https://github.com/rizinorg/rz-libdemangle": "available", "https://github.com/anchore/stereoscope": "available", "https://github.com/metersphere/metersphere": "available", "https://github.com/lsegal/yard": "available", "https://github.com/wireapp/wire-avs": "available", "https://github.com/openssl/openssl": "available", "https://github.com/mhenrixon/sidekiq-unique-jobs": "available", "https://github.com/deepset-ai/haystack": "available", "https://github.com/relative/synchrony": "available", "https://github.com/railsadminteam/rails_admin": "available", "https://github.com/firebase/firebase-tools": "available", "https://github.com/NaturalIntelligence/fast-xml-parser": "available", "https://github.com/jerryscript-project/jerryscript": "available", "https://github.com/discourse/discourse-reactions": "available", "https://github.com/piccolo-orm/piccolo_admin": "available", "https://github.com/babelouest/rhonabwy": "available", "https://github.com/ckan/ckan": "available", "https://github.com/linux-pam/linux-pam": "available", "https://github.com/ansible-semaphore/semaphore": "available", "https://github.com/exfatprogs/exfatprogs": "available", "https://github.com/rails/rails": "available", "https://github.com/RIOT-OS/RIOT": "available", "https://github.com/francoisjacquet/rosariosis": "available", "https://github.com/Maximus5/ConEmu": "available", "https://github.com/newcontext-oss/kitchen-terraform": "available", "https://github.com/lambdaisland/uri": "available", "https://github.com/microsoft/typed-rest-client": "available", "https://github.com/pterodactyl/panel": "available", "https://github.com/podlove/podlove-subscribe-button-wp-plugin": "available", "https://github.com/openclarity/kubeclarity": "available", "https://github.com/discourse/discourse-calendar": "available", "https://github.com/netdisco/netdisco": "available", "https://github.com/danielparks/puppet-golang": "available", "https://github.com/zeromicro/go-zero": "available", "https://github.com/miraheze/CreateWiki": "available", "https://github.com/GeoWebCache/geowebcache": "available", "https://github.com/engelsystem/engelsystem": "available", "https://github.com/moment/luxon": "available", "https://github.com/django-ses/django-ses": "available", "https://github.com/HtmlUnit/htmlunit": "available", "https://github.com/executablebooks/markdown-it-py": "available", "https://github.com/shopware/platform": "available", "https://github.com/discourse/discourse-ai": "available", "https://github.com/Intermesh/groupoffice": "available", "https://github.com/cifsd-team/ksmbd": "available", "https://github.com/tiangolo/fastapi": "available", "https://github.com/KaTeX/KaTeX": "available", "https://github.com/elijahharry/hoolock": "available", "https://github.com/brantburnett/Snappier": "available", "https://github.com/6eero/NewPass": "available", "https://github.com/garden-io/garden": "available", "https://github.com/fossbilling/fossbilling": "available", "https://github.com/getsentry/sentry-javascript": "available", "https://github.com/libexpat/libexpat": "available", "https://github.com/Budibase/budibase": "available", "https://github.com/ulrikstrid/reason-jose": "available", "https://github.com/itflow-org/itflow": "available", "https://github.com/arc53/DocsGPT": "available", "https://github.com/ben-sb/javascript-deobfuscator": "available", "https://github.com/shopware/shopware": "available", "https://github.com/vapor/postgres-nio": "available", "https://github.com/louislam/uptime-kuma": "available", "https://github.com/web3/web3.js": "available", "https://github.com/miraheze/mw-config": "available", "https://github.com/mullvad/mullvadvpn-app": "available", "https://github.com/hakobe/paranoidhttp": "available", "https://github.com/casework/CASE-Utilities-Python": "available", "https://github.com/coder/code-server": "available", "https://github.com/OISF/libhtp": "available", "https://github.com/phlex-ruby/phlex": "available", "https://github.com/openbsd/src": "available", "https://github.com/healthchecks/healthchecks": "available", "https://github.com/xwiki-contrib/application-ckeditor": "available", "https://github.com/livewire/livewire": "available", "https://github.com/dbt-labs/dbt-core": "available", "https://github.com/babelouest/glewlwyd": "available", "https://github.com/chainguard-dev/apko": "available", "https://github.com/kiwitcms/Kiwi": "available", "https://github.com/web2py/web2py": "available", "https://github.com/dzikoysk/reposilite": "available", "https://github.com/craftcms/cms": "available", "https://github.com/crossplane/crossplane-runtime": "available", "https://github.com/OpenPrinting/cups": "available", "https://github.com/usbarmory/mxs-dcp": "available", "https://github.com/golang/crypto": "available", "https://github.com/mganss/HtmlSanitizer": "available", "https://github.com/notaryproject/specifications": "available", "https://github.com/dexidp/dex": "available", "https://github.com/vriteio/vrite": "available", "https://github.com/builderio/qwik": "available", "https://github.com/getrebuild/rebuild": "available", "https://github.com/knative/serving": "available", "https://github.com/cilium/cilium-cli": "available", "https://github.com/snowflakedb/snowflake-connector-nodejs": "available", "https://github.com/nektos/act": "available", "https://github.com/discourse/discourse-encrypt": "available", "https://github.com/jupyterhub/jupyter-server-proxy": "available", "https://github.com/connectbot/sshlib": "available", "https://github.com/Studio-42/elFinder": "available", "https://github.com/xwiki/xwiki-rendering": "available", "https://github.com/cloudexplorer-dev/cloudexplorer-lite": "available", "https://github.com/fish-shell/fish-shell": "available", "https://github.com/btcpayserver/btcpayserver": "available", "https://github.com/bytecodealliance/wasmtime": "available", "https://github.com/awslabs/sandbox-accounts-for-events": "available", "https://github.com/quic-go/quic-go": "available", "https://github.com/zly2006/reden-is-what-we-made": "available", "https://github.com/api-platform/core": "available", "https://github.com/man-group/dtale": "available", "https://github.com/silverstripe/silverstripe-framework": "available", "https://github.com/LittleBigRefresh/Bunkum": "available", "https://github.com/glpi-project/glpi": "available", "https://github.com/socketio/socket.io-parser": "available", "https://github.com/matrix-org/synapse": "available", "https://github.com/IceWhaleTech/CasaOS-UserService": "available", "https://github.com/erlef/oidcc": "available", "https://github.com/tine-groupware/tine": "available", "https://github.com/librespeed/speedtest": "available", "https://github.com/tailscale/tailscale": "available", "https://github.com/cyanomiko/dcnnt-py": "available", "https://github.com/eta-dev/eta": "available", "https://github.com/aquasecurity/trivy": "available", "https://github.com/open-telemetry/opentelemetry-dotnet": "available", "https://github.com/Cyber-Domain-Ontology/CDO-Utility-Local-UUID": "available", "https://github.com/peteroupc/CBOR": "available", "https://github.com/bmaltais/kohya_ss": "available", "https://github.com/memcached/memcached": "available", "https://github.com/zxcvbn-ts/zxcvbn": "available", "https://github.com/strapi-community/strapi-plugin-protected-populate": "available", "https://github.com/pimcore/customer-data-framework": "available", "https://github.com/socketio/engine.io": "available", "https://github.com/adfinis/document-merge-service": "available", "https://github.com/hopsoft/turbo_boost-commands": "available", "https://github.com/w8tcha/CKEditor-WordCount-Plugin": "available", "https://github.com/solana-labs/solana-web3.js": "available", "https://github.com/HAWK-Digital-Environments/HAWKI": "available", "https://github.com/cyrusimap/cyrus-imapd": "available", "https://github.com/saemorris/TheRadSystem": "available", "https://github.com/glpi-project/glpi-agent": "available", "https://github.com/elabit/robotmk": "available", "https://github.com/YAFNET/YAFNET": "available", "https://github.com/dataease/dataease": "available", "https://github.com/wojtekmaj/react-pdf": "available", "https://github.com/postalserver/postal": "available", "https://github.com/vercel/next.js": "available", "https://github.com/flatpressblog/flatpress": "available", "https://github.com/woodpecker-ci/woodpecker": "available", "https://github.com/bits-and-blooms/bloom": "available", "https://github.com/x-wrt/luci": "available", "https://github.com/nuxt/nuxt": "available", "https://github.com/pretix/pretix": "available", "https://github.com/eProsima/Fast-DDS": "available", "https://github.com/nexB/scancode.io": "available", "https://github.com/grafana/grafana": "available", "https://github.com/nextcloud/files_zip": "available", "https://github.com/pinterest/querybook": "available", "https://github.com/home-assistant/core": "available", "https://github.com/dahlia/fedify": "available", "https://github.com/bjrjk/LinuxASMCallGraph": "available", "https://github.com/aimeos/aimeos-core": "available", "https://github.com/typecho/typecho": "available", "https://github.com/simonsmith/cypress-image-snapshot": "available", "https://github.com/hoppscotch/hoppscotch": "available", "https://github.com/Lif-Platforms/Lif-Auth-Server": "available", "https://github.com/pkp/ojs": "available", "https://github.com/hu60t/hu60wap6": "available", "https://github.com/FFmpeg/FFmpeg": "available", "https://github.com/nodejs/undici": "available", "https://github.com/slimphp/Slim-Psr7": "available", "https://github.com/OP-TEE/optee_os": "available", "https://github.com/vantage6/vantage6-UI": "available", "https://github.com/givanz/VvvebJs": "available", "https://github.com/element-hq/synapse": "available", "https://github.com/jaraco/zipp": "available", "https://github.com/devfile/registry-support": "available", "https://github.com/ninj4c0d3r/OcoMon-Research": "unavailable", "https://github.com/chatwoot/chatwoot": "available", "https://github.com/wargio/naxsi": "available", "https://github.com/azuracast/azuracast": "available", "https://github.com/salesagility/SuiteCRM-Core": "available", "https://github.com/EasyCorp/EasyAdminBundle": "available", "https://github.com/fusionpbx/fusionpbx": "available", "https://github.com/Kihron/ServerRPExposer": "available", "https://github.com/opnsense/core": "available", "https://github.com/otsoft/myaac": "available", "https://github.com/chamilo/chamilo-lms": "available", "https://github.com/JCWasmx86/mesonlsp": "available", "https://github.com/mkucej/i-librarian-free": "available", "https://github.com/HumanSignal/label-studio": "available", "https://github.com/tiann/kernelsu": "available", "https://github.com/gitkraken/vscode-gitlens": "available", "https://github.com/ledgersmb/LedgerSMB": "available", "https://github.com/jsonata-js/jsonata": "available", "https://github.com/sigp/rust-yamux": "available", "https://github.com/ruby/rexml": "available", "https://github.com/omeka/omeka-s": "available", "https://github.com/simplesamlphp/xml-security": "available", "https://github.com/ubertidavide/fastbots": "available", "https://github.com/wixtoolset/wix": "available", "https://github.com/spassarop/antisamy-dotnet": "available", "https://github.com/Fishkey1/cms": "available", "https://github.com/IdoPesok/zsa": "available", "https://github.com/npgsql/npgsql": "available", "https://github.com/lwindolf/liferea": "available", "https://github.com/strapi/strapi": "available", "https://github.com/trillium-rs/trillium": "available", "https://github.com/daurnimator/lua-http": "available", "https://github.com/librenms/librenms": "available", "https://github.com/Kenny2github/kenny2automate": "available", "https://github.com/wpeverest/user-registration": "available", "https://github.com/firefly-iii/firefly-iii": "available", "https://github.com/froxlor/Froxlor": "available", "https://github.com/pallets/jinja": "available", "https://github.com/FreeRDP/FreeRDP": "available", "https://github.com/smarty-php/smarty": "available", "https://github.com/ampache/ampache": "available", "https://github.com/xwiki/xwiki-commons": "available", "https://github.com/ijl/orjson": "available", "https://github.com/esphome/esphome": "available", "https://github.com/modoboa/modoboa": "available", "https://github.com/moonlight-stream/moonlight-common-c": "available", "https://github.com/playsms/playsms": "available", "https://github.com/TryGhost/Ghost": "available", "https://github.com/gomarkdown/markdown": "available", "https://github.com/structurizr/onpremises": "available", "https://github.com/automattic/mongoose": "available", "https://github.com/rabbitmq/rabbitmq-java-client": "available", "https://github.com/macvim-dev/macvim": "available", "https://github.com/symfony/ux-autocomplete": "available", "https://github.com/rustls/rustls": "available", "https://github.com/micromatch/braces": "available", "https://github.com/vitessio/vitess": "available", "https://github.com/fluxcd/source-controller": "available", "https://github.com/redpanda-data/redpanda": "available", "https://github.com/fmalita/rapidjson": "available", "https://github.com/spinacms/spina": "available", "https://github.com/sergejey/majordomo": "available", "https://github.com/pkp/customLocale": "available", "https://github.com/OpenSMTPD/OpenSMTPD": "available", "https://github.com/phpseclib/phpseclib": "available", "https://github.com/samboy/MaraDNS": "available", "https://github.com/ossrs/srs": "available", "https://github.com/bpftrace/bpftrace": "available", "https://github.com/sulu/SuluFormBundle": "available"}